{
  "$schema": "https://schema.management.azure.com/schemas/2015-01-01/deploymentParameters.json#",
  "contentVersion": "1.0.0.0",
  "parameters": {
    "appService_FunctionApp120161201033704_name": {
      "value": "FunctionApp120161201033704"
    },
    "appServicePlan_aspDevWest_location": {
      "value": "West US"
    },
    "appServicePlan_aspDevWest_name": {
      "value": "aspDevWest"
    },
    "appServicePlan_aspDevWest_resourceGroup": {
      "value": "PBICMS-GRP1"
    },
    "storageaccount_azurefunctions868a4f82": {
      "value": "azurefunctions868a4f82"
    }
  }
}